COLLECTION_SPEC_ID;PROVIDER_SERIES_ID;COLLECTION_METHOD;ENDPOINT_TYPE;REQUEST_METHOD;DISCOVERY_RULE;FILE_PATTERN;SHEET_RULE;TABLE_OR_SELECTOR;DATE_EXTRACTION_RULE;VALUE_EXTRACTION_RULE;NUMBER_PARSING_RULE;CURRENCY_RULE;FREQUENCY_CHECK;EXPECTED_PUBLICATION_LAG_DAYS;DEDUPLICATION_KEY;REVISION_HANDLING;RAW_ARTIFACT_REQUIRED;HASH_REQUIRED;PARSER_VERSION;RETRY_POLICY;QUALITY_CHECK_PROFILE;IMPLEMENTATION_STATUS;VALIDATION_STATUS;SOURCE_NOTE
CS_UEMOA_TAUX_DIRECTEUR;PS_UEMOA_TAUX_DIRECTEUR;TO_DEFINE;DATA_PORTAL;GET;DISCOVER_OFFICIAL_SERIES;;;;EVENT_EFFECTIVE_DATE;RATE_VALUE;LOCALE_AWARE_PERCENT;;DAILY_CHECK;;;KEEP_ALL_VINTAGES;1;1;;STANDARD_BACKOFF;RATE_EVENT_CHECKS;SPECIFICATION_REQUIRED;PENDING;NO_UNVERIFIED_SELECTOR_OR_URL
CS_UEMOA_TAUX_INTERBANCAIRE;PS_UEMOA_TAUX_INTERBANCAIRE;TO_DEFINE;DATA_PORTAL;GET;DISCOVER_OFFICIAL_SERIES;;;;OBSERVATION_DATE;RATE_VALUE;LOCALE_AWARE_PERCENT;;DAILY_CHECK;;;KEEP_ALL_REVISIONS;1;1;;STANDARD_BACKOFF;DAILY_RATE_CHECKS;SPECIFICATION_REQUIRED;PENDING;NO_UNVERIFIED_SELECTOR_OR_URL
CS_UEMOA_FX_XOF_EUR;PS_UEMOA_FX_XOF_EUR;TO_DEFINE;DATA_PORTAL;GET;DISCOVER_OFFICIAL_SERIES;;;;OBSERVATION_DATE;FX_RATE;LOCALE_AWARE_DECIMAL;XOF_TO_EUR_CANONICAL;DAILY_CHECK;;;KEEP_ALL_REVISIONS;1;1;;STANDARD_BACKOFF;FX_CHECKS;SPECIFICATION_REQUIRED;PENDING;NORMALISE_TO_1_SOURCE_CURRENCY_EQUALS_X_TARGET
CS_UEMOA_FX_XOF_USD;PS_UEMOA_FX_XOF_USD;TO_DEFINE;DATA_PORTAL;GET;DISCOVER_OFFICIAL_SERIES;;;;OBSERVATION_DATE;FX_RATE;LOCALE_AWARE_DECIMAL;XOF_TO_USD_CANONICAL;DAILY_CHECK;;;KEEP_ALL_REVISIONS;1;1;;STANDARD_BACKOFF;FX_CHECKS;SPECIFICATION_REQUIRED;PENDING;NORMALISE_TO_1_SOURCE_CURRENCY_EQUALS_X_TARGET
CS_UEMOA_ACTIONS_ALL_SHARE;PS_UEMOA_ACTIONS_ALL_SHARE;TO_DEFINE;DATA_PORTAL;GET;DISCOVER_INDEX_HISTORY;;;;TRADING_DATE;INDEX_LEVEL;LOCALE_AWARE_DECIMAL;XOF;DAILY_CHECK;;;KEEP_CORRECTIONS_AND_VINTAGES;1;1;;STANDARD_BACKOFF;INDEX_LEVEL_CHECKS;SPECIFICATION_REQUIRED;PENDING;PRICE_OR_TOTAL_RETURN_STATUS_TO_VERIFY
CS_CEMAC_TAUX_DIRECTEUR;PS_CEMAC_TAUX_DIRECTEUR;TO_DEFINE;DATA_PORTAL;GET;DISCOVER_OFFICIAL_SERIES;;;;EVENT_EFFECTIVE_DATE;RATE_VALUE;LOCALE_AWARE_PERCENT;;DAILY_CHECK;;;KEEP_ALL_VINTAGES;1;1;;STANDARD_BACKOFF;RATE_EVENT_CHECKS;SPECIFICATION_REQUIRED;PENDING;NO_UNVERIFIED_SELECTOR_OR_URL
CS_CEMAC_TAUX_INTERBANCAIRE;PS_CEMAC_TAUX_INTERBANCAIRE;TO_DEFINE;DATA_PORTAL;GET;DISCOVER_OFFICIAL_SERIES;;;;OBSERVATION_DATE;RATE_VALUE;LOCALE_AWARE_PERCENT;;DAILY_CHECK;;;KEEP_ALL_REVISIONS;1;1;;STANDARD_BACKOFF;DAILY_RATE_CHECKS;SPECIFICATION_REQUIRED;PENDING;NO_UNVERIFIED_SELECTOR_OR_URL
CS_CEMAC_FX_XAF_EUR;PS_CEMAC_FX_XAF_EUR;TO_DEFINE;DATA_PORTAL;GET;DISCOVER_OFFICIAL_SERIES;;;;OBSERVATION_DATE;FX_RATE;LOCALE_AWARE_DECIMAL;XAF_TO_EUR_CANONICAL;DAILY_CHECK;;;KEEP_ALL_REVISIONS;1;1;;STANDARD_BACKOFF;FX_CHECKS;SPECIFICATION_REQUIRED;PENDING;NORMALISE_TO_1_SOURCE_CURRENCY_EQUALS_X_TARGET
CS_CEMAC_FX_XAF_USD;PS_CEMAC_FX_XAF_USD;TO_DEFINE;DATA_PORTAL;GET;DISCOVER_OFFICIAL_SERIES;;;;OBSERVATION_DATE;FX_RATE;LOCALE_AWARE_DECIMAL;XAF_TO_USD_CANONICAL;DAILY_CHECK;;;KEEP_ALL_REVISIONS;1;1;;STANDARD_BACKOFF;FX_CHECKS;SPECIFICATION_REQUIRED;PENDING;NORMALISE_TO_1_SOURCE_CURRENCY_EQUALS_X_TARGET
CS_CEMAC_ACTIONS_ALL_SHARE;PS_CEMAC_ACTIONS_ALL_SHARE;TO_DEFINE;DATA_PORTAL;GET;DISCOVER_INDEX_HISTORY;;;;TRADING_DATE;INDEX_LEVEL;LOCALE_AWARE_DECIMAL;XAF;DAILY_CHECK;;;KEEP_CORRECTIONS_AND_VINTAGES;1;1;;STANDARD_BACKOFF;INDEX_LEVEL_CHECKS;SPECIFICATION_REQUIRED;PENDING;PRICE_OR_TOTAL_RETURN_STATUS_TO_VERIFY
CS_STANDARD_MACRO_PIB;PS_MAROC_PIB|PS_GHANA_PIB|PS_NIGERIA_PIB|PS_TUNISIE_PIB|PS_EGYPTE_PIB|PS_KENYA_PIB;TO_DEFINE;DATA_PORTAL;GET;DISCOVER_TABLE_OR_DOWNLOAD;;;;PERIOD_END;VALUE;LOCALE_AWARE_DECIMAL;NATIVE_CURRENCY;WEEKLY_CHECK;;;KEEP_PRELIMINARY_AND_REVISED_VINTAGES;1;1;;STANDARD_BACKOFF;MACRO_VINTAGE_CHECKS;TEMPLATE_ONLY;PENDING;ONE_COUNTRY_SPEC_REQUIRED_PER_PROVIDER_SERIES
CS_STANDARD_MACRO_CPI;PS_MAROC_IPC|PS_GHANA_IPC|PS_NIGERIA_IPC|PS_TUNISIE_IPC|PS_EGYPTE_IPC|PS_KENYA_IPC;TO_DEFINE;DATA_PORTAL;GET;DISCOVER_TABLE_OR_DOWNLOAD;;;;REFERENCE_MONTH;INDEX_LEVEL;LOCALE_AWARE_DECIMAL;;DAILY_OR_WEEKLY_CHECK;;;KEEP_BASES_AND_REVISED_VINTAGES;1;1;;STANDARD_BACKOFF;CPI_BASE_AND_CONTINUITY_CHECKS;TEMPLATE_ONLY;PENDING;ONE_COUNTRY_SPEC_REQUIRED_PER_PROVIDER_SERIES
CS_STANDARD_POLICY_RATE;PS_MAROC_TAUX_DIRECTEUR|PS_GHANA_TAUX_DIRECTEUR|PS_NIGERIA_TAUX_DIRECTEUR|PS_TUNISIE_TAUX_DIRECTEUR|PS_EGYPTE_TAUX_DIRECTEUR|PS_KENYA_TAUX_DIRECTEUR;TO_DEFINE;OFFICIAL_WEBSITE;GET;DISCOVER_DECISIONS_AND_SERIES;;;;EFFECTIVE_DATE;RATE_VALUE;LOCALE_AWARE_PERCENT;;DAILY_CHECK;;;KEEP_ALL_DECISIONS_AND_CORRECTIONS;1;1;;STANDARD_BACKOFF;RATE_EVENT_CHECKS;TEMPLATE_ONLY;PENDING;ONE_COUNTRY_SPEC_REQUIRED_PER_PROVIDER_SERIES
CS_STANDARD_FX;PS_MAROC_FX|PS_NIGERIA_FX|PS_TUNISIE_FX|PS_EGYPTE_FX|PS_KENYA_FX;TO_DEFINE;DATA_PORTAL;GET;DISCOVER_DAILY_RATE_TABLE;;;;OBSERVATION_DATE;FX_RATE;LOCALE_AWARE_DECIMAL;CANONICAL_SOURCE_TO_EUR_USD;DAILY_CHECK;;;KEEP_ALL_REVISIONS;1;1;;STANDARD_BACKOFF;FX_CHECKS;TEMPLATE_ONLY;PENDING;DIRECT_AND_TRIANGULATED_ROUTES_TO_BE_SPECIFIED
CS_STANDARD_EQUITY_INDEX;PS_MAROC_ACTIONS_ALL_SHARE|PS_GHANA_ACTIONS_ALL_SHARE|PS_NIGERIA_ACTIONS_ALL_SHARE|PS_TUNISIE_ACTIONS_ALL_SHARE|PS_EGYPTE_ACTIONS_ALL_SHARE|PS_KENYA_ACTIONS_ALL_SHARE;TO_DEFINE;MARKET_DATA;GET;DISCOVER_INDEX_HISTORY;;;;TRADING_DATE;INDEX_LEVEL;LOCALE_AWARE_DECIMAL;NATIVE_CURRENCY;DAILY_CHECK;;;KEEP_CORRECTIONS_AND_VINTAGES;1;1;;STANDARD_BACKOFF;INDEX_LEVEL_AND_CALENDAR_CHECKS;TEMPLATE_ONLY;PENDING;EXACT_INDEX_CODE_AND_RETURN_TYPE_REQUIRED
CS_STANDARD_DEBT_CURVE;PS_MAROC_COURBE|PS_GHANA_ADJUDICATIONS|PS_NIGERIA_DETTE|PS_TUNISIE_COURBE|PS_KENYA_DETTE;TO_DEFINE;FILE_DIRECTORY;GET;DISCOVER_AUCTIONS_CURVES_AND_INSTRUMENTS;;;;AUCTION_OR_CURVE_DATE;MIXED;LOCALE_AWARE_DECIMAL;NATIVE_CURRENCY;DAILY_CHECK;;;KEEP_ALL_FILES_AND_CORRECTIONS;1;1;;STANDARD_BACKOFF;FIXED_INCOME_SOURCE_CHECKS;TEMPLATE_ONLY;PENDING;INSTRUMENT_AUCTION_AND_CURVE_SPECS_MUST_BE_SEPARATED
CS_STANDARD_OPCVM;PS_MAROC_OPCVM|PS_GHANA_OPCVM|PS_NIGERIA_OPCVM|PS_TUNISIE_OPCVM|PS_EGYPTE_OPCVM|PS_KENYA_OPCVM;TO_DEFINE;FILE_DIRECTORY;GET;DISCOVER_NAV_REGISTERS_AND_DOCUMENTS;;;;VALUATION_OR_EVENT_DATE;NAV_AUM_STATIC_EVENT;LOCALE_AWARE_FINANCIAL;NATIVE_CURRENCY;DAILY_CHECK;;;KEEP_ALL_SOURCE_FILES_VERSIONS_AND_CONFLICTS;1;1;;STANDARD_BACKOFF;FUND_NAV_AND_EVENT_CHECKS;TEMPLATE_ONLY;PENDING;COUNTRY_SPECIFIC_PARSER_REQUIRED
