SOURCE_ENTITY_CODE;RELATIONSHIP_TYPE;TARGET_ENTITY_CODE;RELATIONSHIP_DOMAIN;RELATIONSHIP_ROLE;VALID_FROM;VALID_TO;IS_PRIMARY;VALIDATION_STATUS;SOURCE_NOTE
ANGOLA;BELONGS_TO_REGION;AFRICA_CENTRALE;GEOGRAPHY;PRIMARY_REGION;;;1;PENDING;DERIVED_FROM_04_MATRICE_PAYS_DOMAINES
ANGOLA;BELONGS_TO_CONTINENT;AFRICA;GEOGRAPHY;PRIMARY_CONTINENT;;;1;PENDING;DERIVED_FROM_04_MATRICE_PAYS_DOMAINES
ANGOLA;USES_CURRENCY;AOA;CURRENCY;LOCAL_CURRENCY;;;1;PENDING;DERIVED_FROM_04_MATRICE_PAYS_DOMAINES
ANGOLA;USES_MARKET_SCOPE;ANGOLA;MARKET;PRIMARY_MARKET_SCOPE;;;1;PENDING;DERIVED_FROM_04_MATRICE_PAYS_DOMAINES
BURUNDI;BELONGS_TO_REGION;AFRICA_EST;GEOGRAPHY;PRIMARY_REGION;;;1;PENDING;DERIVED_FROM_04_MATRICE_PAYS_DOMAINES
BURUNDI;BELONGS_TO_CONTINENT;AFRICA;GEOGRAPHY;PRIMARY_CONTINENT;;;1;PENDING;DERIVED_FROM_04_MATRICE_PAYS_DOMAINES
BURUNDI;USES_CURRENCY;BIF;CURRENCY;LOCAL_CURRENCY;;;1;PENDING;DERIVED_FROM_04_MATRICE_PAYS_DOMAINES
BURUNDI;USES_MARKET_SCOPE;BURUNDI;MARKET;PRIMARY_MARKET_SCOPE;;;1;PENDING;DERIVED_FROM_04_MATRICE_PAYS_DOMAINES
BENIN;BELONGS_TO_REGION;AFRICA_OUEST;GEOGRAPHY;PRIMARY_REGION;;;1;PENDING;DERIVED_FROM_04_MATRICE_PAYS_DOMAINES
BENIN;BELONGS_TO_CONTINENT;AFRICA;GEOGRAPHY;PRIMARY_CONTINENT;;;1;PENDING;DERIVED_FROM_04_MATRICE_PAYS_DOMAINES
BENIN;USES_CURRENCY;XOF;CURRENCY;LOCAL_CURRENCY;;;1;PENDING;DERIVED_FROM_04_MATRICE_PAYS_DOMAINES
BENIN;USES_MARKET_SCOPE;UEMOA;MARKET;PRIMARY_MARKET_SCOPE;;;1;PENDING;DERIVED_FROM_04_MATRICE_PAYS_DOMAINES
BENIN;BELONGS_TO_MONETARY_ZONE;UEMOA;MONETARY;PRIMARY_MONETARY_ZONE;;;1;PENDING;DERIVED_FROM_04_MATRICE_PAYS_DOMAINES
BENIN;USES_CENTRAL_BANK;BCEAO;INSTITUTION;CENTRAL_BANK;;;1;PENDING;DERIVED_FROM_04_MATRICE_PAYS_DOMAINES
BENIN;USES_COMMON_EXCHANGE;BRVM;MARKET;COMMON_EXCHANGE;;;1;PENDING;DERIVED_FROM_04_MATRICE_PAYS_DOMAINES
BURKINA_FASO;BELONGS_TO_REGION;AFRICA_OUEST;GEOGRAPHY;PRIMARY_REGION;;;1;PENDING;DERIVED_FROM_04_MATRICE_PAYS_DOMAINES
BURKINA_FASO;BELONGS_TO_CONTINENT;AFRICA;GEOGRAPHY;PRIMARY_CONTINENT;;;1;PENDING;DERIVED_FROM_04_MATRICE_PAYS_DOMAINES
BURKINA_FASO;USES_CURRENCY;XOF;CURRENCY;LOCAL_CURRENCY;;;1;PENDING;DERIVED_FROM_04_MATRICE_PAYS_DOMAINES
BURKINA_FASO;USES_MARKET_SCOPE;UEMOA;MARKET;PRIMARY_MARKET_SCOPE;;;1;PENDING;DERIVED_FROM_04_MATRICE_PAYS_DOMAINES
BURKINA_FASO;BELONGS_TO_MONETARY_ZONE;UEMOA;MONETARY;PRIMARY_MONETARY_ZONE;;;1;PENDING;DERIVED_FROM_04_MATRICE_PAYS_DOMAINES
BURKINA_FASO;USES_CENTRAL_BANK;BCEAO;INSTITUTION;CENTRAL_BANK;;;1;PENDING;DERIVED_FROM_04_MATRICE_PAYS_DOMAINES
BURKINA_FASO;USES_COMMON_EXCHANGE;BRVM;MARKET;COMMON_EXCHANGE;;;1;PENDING;DERIVED_FROM_04_MATRICE_PAYS_DOMAINES
BOTSWANA;BELONGS_TO_REGION;AFRICA_AUSTRALE;GEOGRAPHY;PRIMARY_REGION;;;1;PENDING;DERIVED_FROM_04_MATRICE_PAYS_DOMAINES
BOTSWANA;BELONGS_TO_CONTINENT;AFRICA;GEOGRAPHY;PRIMARY_CONTINENT;;;1;PENDING;DERIVED_FROM_04_MATRICE_PAYS_DOMAINES
BOTSWANA;USES_CURRENCY;BWP;CURRENCY;LOCAL_CURRENCY;;;1;PENDING;DERIVED_FROM_04_MATRICE_PAYS_DOMAINES
BOTSWANA;USES_MARKET_SCOPE;BOTSWANA;MARKET;PRIMARY_MARKET_SCOPE;;;1;PENDING;DERIVED_FROM_04_MATRICE_PAYS_DOMAINES
REPUBLIQUE_CENTRAFRICAINE;BELONGS_TO_REGION;AFRICA_CENTRALE;GEOGRAPHY;PRIMARY_REGION;;;1;PENDING;DERIVED_FROM_04_MATRICE_PAYS_DOMAINES
REPUBLIQUE_CENTRAFRICAINE;BELONGS_TO_CONTINENT;AFRICA;GEOGRAPHY;PRIMARY_CONTINENT;;;1;PENDING;DERIVED_FROM_04_MATRICE_PAYS_DOMAINES
REPUBLIQUE_CENTRAFRICAINE;USES_CURRENCY;XAF;CURRENCY;LOCAL_CURRENCY;;;1;PENDING;DERIVED_FROM_04_MATRICE_PAYS_DOMAINES
REPUBLIQUE_CENTRAFRICAINE;USES_MARKET_SCOPE;CEMAC;MARKET;PRIMARY_MARKET_SCOPE;;;1;PENDING;DERIVED_FROM_04_MATRICE_PAYS_DOMAINES
REPUBLIQUE_CENTRAFRICAINE;BELONGS_TO_MONETARY_ZONE;CEMAC;MONETARY;PRIMARY_MONETARY_ZONE;;;1;PENDING;DERIVED_FROM_04_MATRICE_PAYS_DOMAINES
REPUBLIQUE_CENTRAFRICAINE;USES_CENTRAL_BANK;BEAC;INSTITUTION;CENTRAL_BANK;;;1;PENDING;DERIVED_FROM_04_MATRICE_PAYS_DOMAINES
REPUBLIQUE_CENTRAFRICAINE;USES_COMMON_EXCHANGE;BVMAC;MARKET;COMMON_EXCHANGE;;;1;PENDING;DERIVED_FROM_04_MATRICE_PAYS_DOMAINES
COTE_DIVOIRE;BELONGS_TO_REGION;AFRICA_OUEST;GEOGRAPHY;PRIMARY_REGION;;;1;PENDING;DERIVED_FROM_04_MATRICE_PAYS_DOMAINES
COTE_DIVOIRE;BELONGS_TO_CONTINENT;AFRICA;GEOGRAPHY;PRIMARY_CONTINENT;;;1;PENDING;DERIVED_FROM_04_MATRICE_PAYS_DOMAINES
COTE_DIVOIRE;USES_CURRENCY;XOF;CURRENCY;LOCAL_CURRENCY;;;1;PENDING;DERIVED_FROM_04_MATRICE_PAYS_DOMAINES
COTE_DIVOIRE;USES_MARKET_SCOPE;UEMOA;MARKET;PRIMARY_MARKET_SCOPE;;;1;PENDING;DERIVED_FROM_04_MATRICE_PAYS_DOMAINES
COTE_DIVOIRE;BELONGS_TO_MONETARY_ZONE;UEMOA;MONETARY;PRIMARY_MONETARY_ZONE;;;1;PENDING;DERIVED_FROM_04_MATRICE_PAYS_DOMAINES
COTE_DIVOIRE;USES_CENTRAL_BANK;BCEAO;INSTITUTION;CENTRAL_BANK;;;1;PENDING;DERIVED_FROM_04_MATRICE_PAYS_DOMAINES
COTE_DIVOIRE;USES_COMMON_EXCHANGE;BRVM;MARKET;COMMON_EXCHANGE;;;1;PENDING;DERIVED_FROM_04_MATRICE_PAYS_DOMAINES
CAMEROUN;BELONGS_TO_REGION;AFRICA_CENTRALE;GEOGRAPHY;PRIMARY_REGION;;;1;PENDING;DERIVED_FROM_04_MATRICE_PAYS_DOMAINES
CAMEROUN;BELONGS_TO_CONTINENT;AFRICA;GEOGRAPHY;PRIMARY_CONTINENT;;;1;PENDING;DERIVED_FROM_04_MATRICE_PAYS_DOMAINES
CAMEROUN;USES_CURRENCY;XAF;CURRENCY;LOCAL_CURRENCY;;;1;PENDING;DERIVED_FROM_04_MATRICE_PAYS_DOMAINES
CAMEROUN;USES_MARKET_SCOPE;CEMAC;MARKET;PRIMARY_MARKET_SCOPE;;;1;PENDING;DERIVED_FROM_04_MATRICE_PAYS_DOMAINES
CAMEROUN;BELONGS_TO_MONETARY_ZONE;CEMAC;MONETARY;PRIMARY_MONETARY_ZONE;;;1;PENDING;DERIVED_FROM_04_MATRICE_PAYS_DOMAINES
CAMEROUN;USES_CENTRAL_BANK;BEAC;INSTITUTION;CENTRAL_BANK;;;1;PENDING;DERIVED_FROM_04_MATRICE_PAYS_DOMAINES
CAMEROUN;USES_COMMON_EXCHANGE;BVMAC;MARKET;COMMON_EXCHANGE;;;1;PENDING;DERIVED_FROM_04_MATRICE_PAYS_DOMAINES
REPUBLIQUE_DEMOCRATIQUE_DU_CONGO;BELONGS_TO_REGION;AFRICA_CENTRALE;GEOGRAPHY;PRIMARY_REGION;;;1;PENDING;DERIVED_FROM_04_MATRICE_PAYS_DOMAINES
REPUBLIQUE_DEMOCRATIQUE_DU_CONGO;BELONGS_TO_CONTINENT;AFRICA;GEOGRAPHY;PRIMARY_CONTINENT;;;1;PENDING;DERIVED_FROM_04_MATRICE_PAYS_DOMAINES
REPUBLIQUE_DEMOCRATIQUE_DU_CONGO;USES_CURRENCY;CDF;CURRENCY;LOCAL_CURRENCY;;;1;PENDING;DERIVED_FROM_04_MATRICE_PAYS_DOMAINES
REPUBLIQUE_DEMOCRATIQUE_DU_CONGO;USES_MARKET_SCOPE;REPUBLIQUE_DEMOCRATIQUE_DU_CONGO;MARKET;PRIMARY_MARKET_SCOPE;;;1;PENDING;DERIVED_FROM_04_MATRICE_PAYS_DOMAINES
REPUBLIQUE_DU_CONGO;BELONGS_TO_REGION;AFRICA_CENTRALE;GEOGRAPHY;PRIMARY_REGION;;;1;PENDING;DERIVED_FROM_04_MATRICE_PAYS_DOMAINES
REPUBLIQUE_DU_CONGO;BELONGS_TO_CONTINENT;AFRICA;GEOGRAPHY;PRIMARY_CONTINENT;;;1;PENDING;DERIVED_FROM_04_MATRICE_PAYS_DOMAINES
REPUBLIQUE_DU_CONGO;USES_CURRENCY;XAF;CURRENCY;LOCAL_CURRENCY;;;1;PENDING;DERIVED_FROM_04_MATRICE_PAYS_DOMAINES
REPUBLIQUE_DU_CONGO;USES_MARKET_SCOPE;CEMAC;MARKET;PRIMARY_MARKET_SCOPE;;;1;PENDING;DERIVED_FROM_04_MATRICE_PAYS_DOMAINES
REPUBLIQUE_DU_CONGO;BELONGS_TO_MONETARY_ZONE;CEMAC;MONETARY;PRIMARY_MONETARY_ZONE;;;1;PENDING;DERIVED_FROM_04_MATRICE_PAYS_DOMAINES
REPUBLIQUE_DU_CONGO;USES_CENTRAL_BANK;BEAC;INSTITUTION;CENTRAL_BANK;;;1;PENDING;DERIVED_FROM_04_MATRICE_PAYS_DOMAINES
REPUBLIQUE_DU_CONGO;USES_COMMON_EXCHANGE;BVMAC;MARKET;COMMON_EXCHANGE;;;1;PENDING;DERIVED_FROM_04_MATRICE_PAYS_DOMAINES
COMORES;BELONGS_TO_REGION;AFRICA_EST;GEOGRAPHY;PRIMARY_REGION;;;1;PENDING;DERIVED_FROM_04_MATRICE_PAYS_DOMAINES
COMORES;BELONGS_TO_CONTINENT;AFRICA;GEOGRAPHY;PRIMARY_CONTINENT;;;1;PENDING;DERIVED_FROM_04_MATRICE_PAYS_DOMAINES
COMORES;USES_CURRENCY;KMF;CURRENCY;LOCAL_CURRENCY;;;1;PENDING;DERIVED_FROM_04_MATRICE_PAYS_DOMAINES
COMORES;USES_MARKET_SCOPE;COMORES;MARKET;PRIMARY_MARKET_SCOPE;;;1;PENDING;DERIVED_FROM_04_MATRICE_PAYS_DOMAINES
CABO_VERDE;BELONGS_TO_REGION;AFRICA_OUEST;GEOGRAPHY;PRIMARY_REGION;;;1;PENDING;DERIVED_FROM_04_MATRICE_PAYS_DOMAINES
CABO_VERDE;BELONGS_TO_CONTINENT;AFRICA;GEOGRAPHY;PRIMARY_CONTINENT;;;1;PENDING;DERIVED_FROM_04_MATRICE_PAYS_DOMAINES
CABO_VERDE;USES_CURRENCY;CVE;CURRENCY;LOCAL_CURRENCY;;;1;PENDING;DERIVED_FROM_04_MATRICE_PAYS_DOMAINES
CABO_VERDE;USES_MARKET_SCOPE;CABO_VERDE;MARKET;PRIMARY_MARKET_SCOPE;;;1;PENDING;DERIVED_FROM_04_MATRICE_PAYS_DOMAINES
DJIBOUTI;BELONGS_TO_REGION;AFRICA_EST;GEOGRAPHY;PRIMARY_REGION;;;1;PENDING;DERIVED_FROM_04_MATRICE_PAYS_DOMAINES
DJIBOUTI;BELONGS_TO_CONTINENT;AFRICA;GEOGRAPHY;PRIMARY_CONTINENT;;;1;PENDING;DERIVED_FROM_04_MATRICE_PAYS_DOMAINES
DJIBOUTI;USES_CURRENCY;DJF;CURRENCY;LOCAL_CURRENCY;;;1;PENDING;DERIVED_FROM_04_MATRICE_PAYS_DOMAINES
DJIBOUTI;USES_MARKET_SCOPE;DJIBOUTI;MARKET;PRIMARY_MARKET_SCOPE;;;1;PENDING;DERIVED_FROM_04_MATRICE_PAYS_DOMAINES
ALGERIE;BELONGS_TO_REGION;AFRICA_NORD;GEOGRAPHY;PRIMARY_REGION;;;1;PENDING;DERIVED_FROM_04_MATRICE_PAYS_DOMAINES
ALGERIE;BELONGS_TO_CONTINENT;AFRICA;GEOGRAPHY;PRIMARY_CONTINENT;;;1;PENDING;DERIVED_FROM_04_MATRICE_PAYS_DOMAINES
ALGERIE;USES_CURRENCY;DZD;CURRENCY;LOCAL_CURRENCY;;;1;PENDING;DERIVED_FROM_04_MATRICE_PAYS_DOMAINES
ALGERIE;USES_MARKET_SCOPE;ALGERIE;MARKET;PRIMARY_MARKET_SCOPE;;;1;PENDING;DERIVED_FROM_04_MATRICE_PAYS_DOMAINES
EGYPTE;BELONGS_TO_REGION;AFRICA_NORD;GEOGRAPHY;PRIMARY_REGION;;;1;PENDING;DERIVED_FROM_04_MATRICE_PAYS_DOMAINES
EGYPTE;BELONGS_TO_CONTINENT;AFRICA;GEOGRAPHY;PRIMARY_CONTINENT;;;1;PENDING;DERIVED_FROM_04_MATRICE_PAYS_DOMAINES
EGYPTE;USES_CURRENCY;EGP;CURRENCY;LOCAL_CURRENCY;;;1;PENDING;DERIVED_FROM_04_MATRICE_PAYS_DOMAINES
EGYPTE;USES_MARKET_SCOPE;EGYPTE;MARKET;PRIMARY_MARKET_SCOPE;;;1;PENDING;DERIVED_FROM_04_MATRICE_PAYS_DOMAINES
ERYTHREE;BELONGS_TO_REGION;AFRICA_EST;GEOGRAPHY;PRIMARY_REGION;;;1;PENDING;DERIVED_FROM_04_MATRICE_PAYS_DOMAINES
ERYTHREE;BELONGS_TO_CONTINENT;AFRICA;GEOGRAPHY;PRIMARY_CONTINENT;;;1;PENDING;DERIVED_FROM_04_MATRICE_PAYS_DOMAINES
ERYTHREE;USES_CURRENCY;ERN;CURRENCY;LOCAL_CURRENCY;;;1;PENDING;DERIVED_FROM_04_MATRICE_PAYS_DOMAINES
ERYTHREE;USES_MARKET_SCOPE;ERYTHREE;MARKET;PRIMARY_MARKET_SCOPE;;;1;PENDING;DERIVED_FROM_04_MATRICE_PAYS_DOMAINES
ETHIOPIE;BELONGS_TO_REGION;AFRICA_EST;GEOGRAPHY;PRIMARY_REGION;;;1;PENDING;DERIVED_FROM_04_MATRICE_PAYS_DOMAINES
ETHIOPIE;BELONGS_TO_CONTINENT;AFRICA;GEOGRAPHY;PRIMARY_CONTINENT;;;1;PENDING;DERIVED_FROM_04_MATRICE_PAYS_DOMAINES
ETHIOPIE;USES_CURRENCY;ETB;CURRENCY;LOCAL_CURRENCY;;;1;PENDING;DERIVED_FROM_04_MATRICE_PAYS_DOMAINES
ETHIOPIE;USES_MARKET_SCOPE;ETHIOPIE;MARKET;PRIMARY_MARKET_SCOPE;;;1;PENDING;DERIVED_FROM_04_MATRICE_PAYS_DOMAINES
GABON;BELONGS_TO_REGION;AFRICA_CENTRALE;GEOGRAPHY;PRIMARY_REGION;;;1;PENDING;DERIVED_FROM_04_MATRICE_PAYS_DOMAINES
GABON;BELONGS_TO_CONTINENT;AFRICA;GEOGRAPHY;PRIMARY_CONTINENT;;;1;PENDING;DERIVED_FROM_04_MATRICE_PAYS_DOMAINES
GABON;USES_CURRENCY;XAF;CURRENCY;LOCAL_CURRENCY;;;1;PENDING;DERIVED_FROM_04_MATRICE_PAYS_DOMAINES
GABON;USES_MARKET_SCOPE;CEMAC;MARKET;PRIMARY_MARKET_SCOPE;;;1;PENDING;DERIVED_FROM_04_MATRICE_PAYS_DOMAINES
GABON;BELONGS_TO_MONETARY_ZONE;CEMAC;MONETARY;PRIMARY_MONETARY_ZONE;;;1;PENDING;DERIVED_FROM_04_MATRICE_PAYS_DOMAINES
GABON;USES_CENTRAL_BANK;BEAC;INSTITUTION;CENTRAL_BANK;;;1;PENDING;DERIVED_FROM_04_MATRICE_PAYS_DOMAINES
GABON;USES_COMMON_EXCHANGE;BVMAC;MARKET;COMMON_EXCHANGE;;;1;PENDING;DERIVED_FROM_04_MATRICE_PAYS_DOMAINES
GHANA;BELONGS_TO_REGION;AFRICA_OUEST;GEOGRAPHY;PRIMARY_REGION;;;1;PENDING;DERIVED_FROM_04_MATRICE_PAYS_DOMAINES
GHANA;BELONGS_TO_CONTINENT;AFRICA;GEOGRAPHY;PRIMARY_CONTINENT;;;1;PENDING;DERIVED_FROM_04_MATRICE_PAYS_DOMAINES
GHANA;USES_CURRENCY;GHS;CURRENCY;LOCAL_CURRENCY;;;1;PENDING;DERIVED_FROM_04_MATRICE_PAYS_DOMAINES
GHANA;USES_MARKET_SCOPE;GHANA;MARKET;PRIMARY_MARKET_SCOPE;;;1;PENDING;DERIVED_FROM_04_MATRICE_PAYS_DOMAINES
GUINEE;BELONGS_TO_REGION;AFRICA_OUEST;GEOGRAPHY;PRIMARY_REGION;;;1;PENDING;DERIVED_FROM_04_MATRICE_PAYS_DOMAINES
GUINEE;BELONGS_TO_CONTINENT;AFRICA;GEOGRAPHY;PRIMARY_CONTINENT;;;1;PENDING;DERIVED_FROM_04_MATRICE_PAYS_DOMAINES
GUINEE;USES_CURRENCY;GNF;CURRENCY;LOCAL_CURRENCY;;;1;PENDING;DERIVED_FROM_04_MATRICE_PAYS_DOMAINES
GUINEE;USES_MARKET_SCOPE;GUINEE;MARKET;PRIMARY_MARKET_SCOPE;;;1;PENDING;DERIVED_FROM_04_MATRICE_PAYS_DOMAINES
GAMBIE;BELONGS_TO_REGION;AFRICA_OUEST;GEOGRAPHY;PRIMARY_REGION;;;1;PENDING;DERIVED_FROM_04_MATRICE_PAYS_DOMAINES
GAMBIE;BELONGS_TO_CONTINENT;AFRICA;GEOGRAPHY;PRIMARY_CONTINENT;;;1;PENDING;DERIVED_FROM_04_MATRICE_PAYS_DOMAINES
GAMBIE;USES_CURRENCY;GMD;CURRENCY;LOCAL_CURRENCY;;;1;PENDING;DERIVED_FROM_04_MATRICE_PAYS_DOMAINES
GAMBIE;USES_MARKET_SCOPE;GAMBIE;MARKET;PRIMARY_MARKET_SCOPE;;;1;PENDING;DERIVED_FROM_04_MATRICE_PAYS_DOMAINES
GUINEE_BISSAU;BELONGS_TO_REGION;AFRICA_OUEST;GEOGRAPHY;PRIMARY_REGION;;;1;PENDING;DERIVED_FROM_04_MATRICE_PAYS_DOMAINES
GUINEE_BISSAU;BELONGS_TO_CONTINENT;AFRICA;GEOGRAPHY;PRIMARY_CONTINENT;;;1;PENDING;DERIVED_FROM_04_MATRICE_PAYS_DOMAINES
GUINEE_BISSAU;USES_CURRENCY;XOF;CURRENCY;LOCAL_CURRENCY;;;1;PENDING;DERIVED_FROM_04_MATRICE_PAYS_DOMAINES
GUINEE_BISSAU;USES_MARKET_SCOPE;UEMOA;MARKET;PRIMARY_MARKET_SCOPE;;;1;PENDING;DERIVED_FROM_04_MATRICE_PAYS_DOMAINES
GUINEE_BISSAU;BELONGS_TO_MONETARY_ZONE;UEMOA;MONETARY;PRIMARY_MONETARY_ZONE;;;1;PENDING;DERIVED_FROM_04_MATRICE_PAYS_DOMAINES
GUINEE_BISSAU;USES_CENTRAL_BANK;BCEAO;INSTITUTION;CENTRAL_BANK;;;1;PENDING;DERIVED_FROM_04_MATRICE_PAYS_DOMAINES
GUINEE_BISSAU;USES_COMMON_EXCHANGE;BRVM;MARKET;COMMON_EXCHANGE;;;1;PENDING;DERIVED_FROM_04_MATRICE_PAYS_DOMAINES
GUINEE_EQUATORIALE;BELONGS_TO_REGION;AFRICA_CENTRALE;GEOGRAPHY;PRIMARY_REGION;;;1;PENDING;DERIVED_FROM_04_MATRICE_PAYS_DOMAINES
GUINEE_EQUATORIALE;BELONGS_TO_CONTINENT;AFRICA;GEOGRAPHY;PRIMARY_CONTINENT;;;1;PENDING;DERIVED_FROM_04_MATRICE_PAYS_DOMAINES
GUINEE_EQUATORIALE;USES_CURRENCY;XAF;CURRENCY;LOCAL_CURRENCY;;;1;PENDING;DERIVED_FROM_04_MATRICE_PAYS_DOMAINES
GUINEE_EQUATORIALE;USES_MARKET_SCOPE;CEMAC;MARKET;PRIMARY_MARKET_SCOPE;;;1;PENDING;DERIVED_FROM_04_MATRICE_PAYS_DOMAINES
GUINEE_EQUATORIALE;BELONGS_TO_MONETARY_ZONE;CEMAC;MONETARY;PRIMARY_MONETARY_ZONE;;;1;PENDING;DERIVED_FROM_04_MATRICE_PAYS_DOMAINES
GUINEE_EQUATORIALE;USES_CENTRAL_BANK;BEAC;INSTITUTION;CENTRAL_BANK;;;1;PENDING;DERIVED_FROM_04_MATRICE_PAYS_DOMAINES
GUINEE_EQUATORIALE;USES_COMMON_EXCHANGE;BVMAC;MARKET;COMMON_EXCHANGE;;;1;PENDING;DERIVED_FROM_04_MATRICE_PAYS_DOMAINES
KENYA;BELONGS_TO_REGION;AFRICA_EST;GEOGRAPHY;PRIMARY_REGION;;;1;PENDING;DERIVED_FROM_04_MATRICE_PAYS_DOMAINES
KENYA;BELONGS_TO_CONTINENT;AFRICA;GEOGRAPHY;PRIMARY_CONTINENT;;;1;PENDING;DERIVED_FROM_04_MATRICE_PAYS_DOMAINES
KENYA;USES_CURRENCY;KES;CURRENCY;LOCAL_CURRENCY;;;1;PENDING;DERIVED_FROM_04_MATRICE_PAYS_DOMAINES
KENYA;USES_MARKET_SCOPE;KENYA;MARKET;PRIMARY_MARKET_SCOPE;;;1;PENDING;DERIVED_FROM_04_MATRICE_PAYS_DOMAINES
LIBERIA;BELONGS_TO_REGION;AFRICA_OUEST;GEOGRAPHY;PRIMARY_REGION;;;1;PENDING;DERIVED_FROM_04_MATRICE_PAYS_DOMAINES
LIBERIA;BELONGS_TO_CONTINENT;AFRICA;GEOGRAPHY;PRIMARY_CONTINENT;;;1;PENDING;DERIVED_FROM_04_MATRICE_PAYS_DOMAINES
LIBERIA;USES_CURRENCY;LRD;CURRENCY;LOCAL_CURRENCY;;;1;PENDING;DERIVED_FROM_04_MATRICE_PAYS_DOMAINES
LIBERIA;USES_MARKET_SCOPE;LIBERIA;MARKET;PRIMARY_MARKET_SCOPE;;;1;PENDING;DERIVED_FROM_04_MATRICE_PAYS_DOMAINES
LIBYE;BELONGS_TO_REGION;AFRICA_NORD;GEOGRAPHY;PRIMARY_REGION;;;1;PENDING;DERIVED_FROM_04_MATRICE_PAYS_DOMAINES
LIBYE;BELONGS_TO_CONTINENT;AFRICA;GEOGRAPHY;PRIMARY_CONTINENT;;;1;PENDING;DERIVED_FROM_04_MATRICE_PAYS_DOMAINES
LIBYE;USES_CURRENCY;LYD;CURRENCY;LOCAL_CURRENCY;;;1;PENDING;DERIVED_FROM_04_MATRICE_PAYS_DOMAINES
LIBYE;USES_MARKET_SCOPE;LIBYE;MARKET;PRIMARY_MARKET_SCOPE;;;1;PENDING;DERIVED_FROM_04_MATRICE_PAYS_DOMAINES
LESOTHO;BELONGS_TO_REGION;AFRICA_AUSTRALE;GEOGRAPHY;PRIMARY_REGION;;;1;PENDING;DERIVED_FROM_04_MATRICE_PAYS_DOMAINES
LESOTHO;BELONGS_TO_CONTINENT;AFRICA;GEOGRAPHY;PRIMARY_CONTINENT;;;1;PENDING;DERIVED_FROM_04_MATRICE_PAYS_DOMAINES
LESOTHO;USES_CURRENCY;LSL;CURRENCY;LOCAL_CURRENCY;;;1;PENDING;DERIVED_FROM_04_MATRICE_PAYS_DOMAINES
LESOTHO;USES_MARKET_SCOPE;LESOTHO;MARKET;PRIMARY_MARKET_SCOPE;;;1;PENDING;DERIVED_FROM_04_MATRICE_PAYS_DOMAINES
LESOTHO;BELONGS_TO_MONETARY_ZONE;CMA;MONETARY;PRIMARY_MONETARY_ZONE;;;1;PENDING;DERIVED_FROM_04_MATRICE_PAYS_DOMAINES
LESOTHO;USES_REFERENCE_CURRENCY;ZAR;CURRENCY;REFERENCE_CURRENCY;;;1;PENDING;DERIVED_FROM_04_MATRICE_PAYS_DOMAINES
MAROC;BELONGS_TO_REGION;AFRICA_NORD;GEOGRAPHY;PRIMARY_REGION;;;1;PENDING;DERIVED_FROM_04_MATRICE_PAYS_DOMAINES
MAROC;BELONGS_TO_CONTINENT;AFRICA;GEOGRAPHY;PRIMARY_CONTINENT;;;1;PENDING;DERIVED_FROM_04_MATRICE_PAYS_DOMAINES
MAROC;USES_CURRENCY;MAD;CURRENCY;LOCAL_CURRENCY;;;1;PENDING;DERIVED_FROM_04_MATRICE_PAYS_DOMAINES
MAROC;USES_MARKET_SCOPE;MAROC;MARKET;PRIMARY_MARKET_SCOPE;;;1;PENDING;DERIVED_FROM_04_MATRICE_PAYS_DOMAINES
MADAGASCAR;BELONGS_TO_REGION;AFRICA_EST;GEOGRAPHY;PRIMARY_REGION;;;1;PENDING;DERIVED_FROM_04_MATRICE_PAYS_DOMAINES
MADAGASCAR;BELONGS_TO_CONTINENT;AFRICA;GEOGRAPHY;PRIMARY_CONTINENT;;;1;PENDING;DERIVED_FROM_04_MATRICE_PAYS_DOMAINES
MADAGASCAR;USES_CURRENCY;MGA;CURRENCY;LOCAL_CURRENCY;;;1;PENDING;DERIVED_FROM_04_MATRICE_PAYS_DOMAINES
MADAGASCAR;USES_MARKET_SCOPE;MADAGASCAR;MARKET;PRIMARY_MARKET_SCOPE;;;1;PENDING;DERIVED_FROM_04_MATRICE_PAYS_DOMAINES
MALI;BELONGS_TO_REGION;AFRICA_OUEST;GEOGRAPHY;PRIMARY_REGION;;;1;PENDING;DERIVED_FROM_04_MATRICE_PAYS_DOMAINES
MALI;BELONGS_TO_CONTINENT;AFRICA;GEOGRAPHY;PRIMARY_CONTINENT;;;1;PENDING;DERIVED_FROM_04_MATRICE_PAYS_DOMAINES
MALI;USES_CURRENCY;XOF;CURRENCY;LOCAL_CURRENCY;;;1;PENDING;DERIVED_FROM_04_MATRICE_PAYS_DOMAINES
MALI;USES_MARKET_SCOPE;UEMOA;MARKET;PRIMARY_MARKET_SCOPE;;;1;PENDING;DERIVED_FROM_04_MATRICE_PAYS_DOMAINES
MALI;BELONGS_TO_MONETARY_ZONE;UEMOA;MONETARY;PRIMARY_MONETARY_ZONE;;;1;PENDING;DERIVED_FROM_04_MATRICE_PAYS_DOMAINES
MALI;USES_CENTRAL_BANK;BCEAO;INSTITUTION;CENTRAL_BANK;;;1;PENDING;DERIVED_FROM_04_MATRICE_PAYS_DOMAINES
MALI;USES_COMMON_EXCHANGE;BRVM;MARKET;COMMON_EXCHANGE;;;1;PENDING;DERIVED_FROM_04_MATRICE_PAYS_DOMAINES
MOZAMBIQUE;BELONGS_TO_REGION;AFRICA_EST;GEOGRAPHY;PRIMARY_REGION;;;1;PENDING;DERIVED_FROM_04_MATRICE_PAYS_DOMAINES
MOZAMBIQUE;BELONGS_TO_CONTINENT;AFRICA;GEOGRAPHY;PRIMARY_CONTINENT;;;1;PENDING;DERIVED_FROM_04_MATRICE_PAYS_DOMAINES
MOZAMBIQUE;USES_CURRENCY;MZN;CURRENCY;LOCAL_CURRENCY;;;1;PENDING;DERIVED_FROM_04_MATRICE_PAYS_DOMAINES
MOZAMBIQUE;USES_MARKET_SCOPE;MOZAMBIQUE;MARKET;PRIMARY_MARKET_SCOPE;;;1;PENDING;DERIVED_FROM_04_MATRICE_PAYS_DOMAINES
MAURITANIE;BELONGS_TO_REGION;AFRICA_OUEST;GEOGRAPHY;PRIMARY_REGION;;;1;PENDING;DERIVED_FROM_04_MATRICE_PAYS_DOMAINES
MAURITANIE;BELONGS_TO_CONTINENT;AFRICA;GEOGRAPHY;PRIMARY_CONTINENT;;;1;PENDING;DERIVED_FROM_04_MATRICE_PAYS_DOMAINES
MAURITANIE;USES_CURRENCY;MRU;CURRENCY;LOCAL_CURRENCY;;;1;PENDING;DERIVED_FROM_04_MATRICE_PAYS_DOMAINES
MAURITANIE;USES_MARKET_SCOPE;MAURITANIE;MARKET;PRIMARY_MARKET_SCOPE;;;1;PENDING;DERIVED_FROM_04_MATRICE_PAYS_DOMAINES
MAURICE;BELONGS_TO_REGION;AFRICA_EST;GEOGRAPHY;PRIMARY_REGION;;;1;PENDING;DERIVED_FROM_04_MATRICE_PAYS_DOMAINES
MAURICE;BELONGS_TO_CONTINENT;AFRICA;GEOGRAPHY;PRIMARY_CONTINENT;;;1;PENDING;DERIVED_FROM_04_MATRICE_PAYS_DOMAINES
MAURICE;USES_CURRENCY;MUR;CURRENCY;LOCAL_CURRENCY;;;1;PENDING;DERIVED_FROM_04_MATRICE_PAYS_DOMAINES
MAURICE;USES_MARKET_SCOPE;MAURICE;MARKET;PRIMARY_MARKET_SCOPE;;;1;PENDING;DERIVED_FROM_04_MATRICE_PAYS_DOMAINES
MALAWI;BELONGS_TO_REGION;AFRICA_EST;GEOGRAPHY;PRIMARY_REGION;;;1;PENDING;DERIVED_FROM_04_MATRICE_PAYS_DOMAINES
MALAWI;BELONGS_TO_CONTINENT;AFRICA;GEOGRAPHY;PRIMARY_CONTINENT;;;1;PENDING;DERIVED_FROM_04_MATRICE_PAYS_DOMAINES
MALAWI;USES_CURRENCY;MWK;CURRENCY;LOCAL_CURRENCY;;;1;PENDING;DERIVED_FROM_04_MATRICE_PAYS_DOMAINES
MALAWI;USES_MARKET_SCOPE;MALAWI;MARKET;PRIMARY_MARKET_SCOPE;;;1;PENDING;DERIVED_FROM_04_MATRICE_PAYS_DOMAINES
NAMIBIE;BELONGS_TO_REGION;AFRICA_AUSTRALE;GEOGRAPHY;PRIMARY_REGION;;;1;PENDING;DERIVED_FROM_04_MATRICE_PAYS_DOMAINES
NAMIBIE;BELONGS_TO_CONTINENT;AFRICA;GEOGRAPHY;PRIMARY_CONTINENT;;;1;PENDING;DERIVED_FROM_04_MATRICE_PAYS_DOMAINES
NAMIBIE;USES_CURRENCY;NAD;CURRENCY;LOCAL_CURRENCY;;;1;PENDING;DERIVED_FROM_04_MATRICE_PAYS_DOMAINES
NAMIBIE;USES_MARKET_SCOPE;NAMIBIE;MARKET;PRIMARY_MARKET_SCOPE;;;1;PENDING;DERIVED_FROM_04_MATRICE_PAYS_DOMAINES
NAMIBIE;BELONGS_TO_MONETARY_ZONE;CMA;MONETARY;PRIMARY_MONETARY_ZONE;;;1;PENDING;DERIVED_FROM_04_MATRICE_PAYS_DOMAINES
NAMIBIE;USES_REFERENCE_CURRENCY;ZAR;CURRENCY;REFERENCE_CURRENCY;;;1;PENDING;DERIVED_FROM_04_MATRICE_PAYS_DOMAINES
NIGER;BELONGS_TO_REGION;AFRICA_OUEST;GEOGRAPHY;PRIMARY_REGION;;;1;PENDING;DERIVED_FROM_04_MATRICE_PAYS_DOMAINES
NIGER;BELONGS_TO_CONTINENT;AFRICA;GEOGRAPHY;PRIMARY_CONTINENT;;;1;PENDING;DERIVED_FROM_04_MATRICE_PAYS_DOMAINES
NIGER;USES_CURRENCY;XOF;CURRENCY;LOCAL_CURRENCY;;;1;PENDING;DERIVED_FROM_04_MATRICE_PAYS_DOMAINES
NIGER;USES_MARKET_SCOPE;UEMOA;MARKET;PRIMARY_MARKET_SCOPE;;;1;PENDING;DERIVED_FROM_04_MATRICE_PAYS_DOMAINES
NIGER;BELONGS_TO_MONETARY_ZONE;UEMOA;MONETARY;PRIMARY_MONETARY_ZONE;;;1;PENDING;DERIVED_FROM_04_MATRICE_PAYS_DOMAINES
NIGER;USES_CENTRAL_BANK;BCEAO;INSTITUTION;CENTRAL_BANK;;;1;PENDING;DERIVED_FROM_04_MATRICE_PAYS_DOMAINES
NIGER;USES_COMMON_EXCHANGE;BRVM;MARKET;COMMON_EXCHANGE;;;1;PENDING;DERIVED_FROM_04_MATRICE_PAYS_DOMAINES
NIGERIA;BELONGS_TO_REGION;AFRICA_OUEST;GEOGRAPHY;PRIMARY_REGION;;;1;PENDING;DERIVED_FROM_04_MATRICE_PAYS_DOMAINES
NIGERIA;BELONGS_TO_CONTINENT;AFRICA;GEOGRAPHY;PRIMARY_CONTINENT;;;1;PENDING;DERIVED_FROM_04_MATRICE_PAYS_DOMAINES
NIGERIA;USES_CURRENCY;NGN;CURRENCY;LOCAL_CURRENCY;;;1;PENDING;DERIVED_FROM_04_MATRICE_PAYS_DOMAINES
NIGERIA;USES_MARKET_SCOPE;NIGERIA;MARKET;PRIMARY_MARKET_SCOPE;;;1;PENDING;DERIVED_FROM_04_MATRICE_PAYS_DOMAINES
RWANDA;BELONGS_TO_REGION;AFRICA_EST;GEOGRAPHY;PRIMARY_REGION;;;1;PENDING;DERIVED_FROM_04_MATRICE_PAYS_DOMAINES
RWANDA;BELONGS_TO_CONTINENT;AFRICA;GEOGRAPHY;PRIMARY_CONTINENT;;;1;PENDING;DERIVED_FROM_04_MATRICE_PAYS_DOMAINES
RWANDA;USES_CURRENCY;RWF;CURRENCY;LOCAL_CURRENCY;;;1;PENDING;DERIVED_FROM_04_MATRICE_PAYS_DOMAINES
RWANDA;USES_MARKET_SCOPE;RWANDA;MARKET;PRIMARY_MARKET_SCOPE;;;1;PENDING;DERIVED_FROM_04_MATRICE_PAYS_DOMAINES
SOUDAN;BELONGS_TO_REGION;AFRICA_NORD;GEOGRAPHY;PRIMARY_REGION;;;1;PENDING;DERIVED_FROM_04_MATRICE_PAYS_DOMAINES
SOUDAN;BELONGS_TO_CONTINENT;AFRICA;GEOGRAPHY;PRIMARY_CONTINENT;;;1;PENDING;DERIVED_FROM_04_MATRICE_PAYS_DOMAINES
SOUDAN;USES_CURRENCY;SDG;CURRENCY;LOCAL_CURRENCY;;;1;PENDING;DERIVED_FROM_04_MATRICE_PAYS_DOMAINES
SOUDAN;USES_MARKET_SCOPE;SOUDAN;MARKET;PRIMARY_MARKET_SCOPE;;;1;PENDING;DERIVED_FROM_04_MATRICE_PAYS_DOMAINES
SENEGAL;BELONGS_TO_REGION;AFRICA_OUEST;GEOGRAPHY;PRIMARY_REGION;;;1;PENDING;DERIVED_FROM_04_MATRICE_PAYS_DOMAINES
SENEGAL;BELONGS_TO_CONTINENT;AFRICA;GEOGRAPHY;PRIMARY_CONTINENT;;;1;PENDING;DERIVED_FROM_04_MATRICE_PAYS_DOMAINES
SENEGAL;USES_CURRENCY;XOF;CURRENCY;LOCAL_CURRENCY;;;1;PENDING;DERIVED_FROM_04_MATRICE_PAYS_DOMAINES
SENEGAL;USES_MARKET_SCOPE;UEMOA;MARKET;PRIMARY_MARKET_SCOPE;;;1;PENDING;DERIVED_FROM_04_MATRICE_PAYS_DOMAINES
SENEGAL;BELONGS_TO_MONETARY_ZONE;UEMOA;MONETARY;PRIMARY_MONETARY_ZONE;;;1;PENDING;DERIVED_FROM_04_MATRICE_PAYS_DOMAINES
SENEGAL;USES_CENTRAL_BANK;BCEAO;INSTITUTION;CENTRAL_BANK;;;1;PENDING;DERIVED_FROM_04_MATRICE_PAYS_DOMAINES
SENEGAL;USES_COMMON_EXCHANGE;BRVM;MARKET;COMMON_EXCHANGE;;;1;PENDING;DERIVED_FROM_04_MATRICE_PAYS_DOMAINES
SIERRA_LEONE;BELONGS_TO_REGION;AFRICA_OUEST;GEOGRAPHY;PRIMARY_REGION;;;1;PENDING;DERIVED_FROM_04_MATRICE_PAYS_DOMAINES
SIERRA_LEONE;BELONGS_TO_CONTINENT;AFRICA;GEOGRAPHY;PRIMARY_CONTINENT;;;1;PENDING;DERIVED_FROM_04_MATRICE_PAYS_DOMAINES
SIERRA_LEONE;USES_CURRENCY;SLE;CURRENCY;LOCAL_CURRENCY;;;1;PENDING;DERIVED_FROM_04_MATRICE_PAYS_DOMAINES
SIERRA_LEONE;USES_MARKET_SCOPE;SIERRA_LEONE;MARKET;PRIMARY_MARKET_SCOPE;;;1;PENDING;DERIVED_FROM_04_MATRICE_PAYS_DOMAINES
SOMALIE;BELONGS_TO_REGION;AFRICA_EST;GEOGRAPHY;PRIMARY_REGION;;;1;PENDING;DERIVED_FROM_04_MATRICE_PAYS_DOMAINES
SOMALIE;BELONGS_TO_CONTINENT;AFRICA;GEOGRAPHY;PRIMARY_CONTINENT;;;1;PENDING;DERIVED_FROM_04_MATRICE_PAYS_DOMAINES
SOMALIE;USES_CURRENCY;SOS;CURRENCY;LOCAL_CURRENCY;;;1;PENDING;DERIVED_FROM_04_MATRICE_PAYS_DOMAINES
SOMALIE;USES_MARKET_SCOPE;SOMALIE;MARKET;PRIMARY_MARKET_SCOPE;;;1;PENDING;DERIVED_FROM_04_MATRICE_PAYS_DOMAINES
SOUDAN_DU_SUD;BELONGS_TO_REGION;AFRICA_EST;GEOGRAPHY;PRIMARY_REGION;;;1;PENDING;DERIVED_FROM_04_MATRICE_PAYS_DOMAINES
SOUDAN_DU_SUD;BELONGS_TO_CONTINENT;AFRICA;GEOGRAPHY;PRIMARY_CONTINENT;;;1;PENDING;DERIVED_FROM_04_MATRICE_PAYS_DOMAINES
SOUDAN_DU_SUD;USES_CURRENCY;SSP;CURRENCY;LOCAL_CURRENCY;;;1;PENDING;DERIVED_FROM_04_MATRICE_PAYS_DOMAINES
SOUDAN_DU_SUD;USES_MARKET_SCOPE;SOUDAN_DU_SUD;MARKET;PRIMARY_MARKET_SCOPE;;;1;PENDING;DERIVED_FROM_04_MATRICE_PAYS_DOMAINES
SAO_TOME_ET_PRINCIPE;BELONGS_TO_REGION;AFRICA_CENTRALE;GEOGRAPHY;PRIMARY_REGION;;;1;PENDING;DERIVED_FROM_04_MATRICE_PAYS_DOMAINES
SAO_TOME_ET_PRINCIPE;BELONGS_TO_CONTINENT;AFRICA;GEOGRAPHY;PRIMARY_CONTINENT;;;1;PENDING;DERIVED_FROM_04_MATRICE_PAYS_DOMAINES
SAO_TOME_ET_PRINCIPE;USES_CURRENCY;STN;CURRENCY;LOCAL_CURRENCY;;;1;PENDING;DERIVED_FROM_04_MATRICE_PAYS_DOMAINES
SAO_TOME_ET_PRINCIPE;USES_MARKET_SCOPE;SAO_TOME_ET_PRINCIPE;MARKET;PRIMARY_MARKET_SCOPE;;;1;PENDING;DERIVED_FROM_04_MATRICE_PAYS_DOMAINES
ESWATINI;BELONGS_TO_REGION;AFRICA_AUSTRALE;GEOGRAPHY;PRIMARY_REGION;;;1;PENDING;DERIVED_FROM_04_MATRICE_PAYS_DOMAINES
ESWATINI;BELONGS_TO_CONTINENT;AFRICA;GEOGRAPHY;PRIMARY_CONTINENT;;;1;PENDING;DERIVED_FROM_04_MATRICE_PAYS_DOMAINES
ESWATINI;USES_CURRENCY;SZL;CURRENCY;LOCAL_CURRENCY;;;1;PENDING;DERIVED_FROM_04_MATRICE_PAYS_DOMAINES
ESWATINI;USES_MARKET_SCOPE;ESWATINI;MARKET;PRIMARY_MARKET_SCOPE;;;1;PENDING;DERIVED_FROM_04_MATRICE_PAYS_DOMAINES
ESWATINI;BELONGS_TO_MONETARY_ZONE;CMA;MONETARY;PRIMARY_MONETARY_ZONE;;;1;PENDING;DERIVED_FROM_04_MATRICE_PAYS_DOMAINES
ESWATINI;USES_REFERENCE_CURRENCY;ZAR;CURRENCY;REFERENCE_CURRENCY;;;1;PENDING;DERIVED_FROM_04_MATRICE_PAYS_DOMAINES
SEYCHELLES;BELONGS_TO_REGION;AFRICA_EST;GEOGRAPHY;PRIMARY_REGION;;;1;PENDING;DERIVED_FROM_04_MATRICE_PAYS_DOMAINES
SEYCHELLES;BELONGS_TO_CONTINENT;AFRICA;GEOGRAPHY;PRIMARY_CONTINENT;;;1;PENDING;DERIVED_FROM_04_MATRICE_PAYS_DOMAINES
SEYCHELLES;USES_CURRENCY;SCR;CURRENCY;LOCAL_CURRENCY;;;1;PENDING;DERIVED_FROM_04_MATRICE_PAYS_DOMAINES
SEYCHELLES;USES_MARKET_SCOPE;SEYCHELLES;MARKET;PRIMARY_MARKET_SCOPE;;;1;PENDING;DERIVED_FROM_04_MATRICE_PAYS_DOMAINES
TCHAD;BELONGS_TO_REGION;AFRICA_CENTRALE;GEOGRAPHY;PRIMARY_REGION;;;1;PENDING;DERIVED_FROM_04_MATRICE_PAYS_DOMAINES
TCHAD;BELONGS_TO_CONTINENT;AFRICA;GEOGRAPHY;PRIMARY_CONTINENT;;;1;PENDING;DERIVED_FROM_04_MATRICE_PAYS_DOMAINES
TCHAD;USES_CURRENCY;XAF;CURRENCY;LOCAL_CURRENCY;;;1;PENDING;DERIVED_FROM_04_MATRICE_PAYS_DOMAINES
TCHAD;USES_MARKET_SCOPE;CEMAC;MARKET;PRIMARY_MARKET_SCOPE;;;1;PENDING;DERIVED_FROM_04_MATRICE_PAYS_DOMAINES
TCHAD;BELONGS_TO_MONETARY_ZONE;CEMAC;MONETARY;PRIMARY_MONETARY_ZONE;;;1;PENDING;DERIVED_FROM_04_MATRICE_PAYS_DOMAINES
TCHAD;USES_CENTRAL_BANK;BEAC;INSTITUTION;CENTRAL_BANK;;;1;PENDING;DERIVED_FROM_04_MATRICE_PAYS_DOMAINES
TCHAD;USES_COMMON_EXCHANGE;BVMAC;MARKET;COMMON_EXCHANGE;;;1;PENDING;DERIVED_FROM_04_MATRICE_PAYS_DOMAINES
TOGO;BELONGS_TO_REGION;AFRICA_OUEST;GEOGRAPHY;PRIMARY_REGION;;;1;PENDING;DERIVED_FROM_04_MATRICE_PAYS_DOMAINES
TOGO;BELONGS_TO_CONTINENT;AFRICA;GEOGRAPHY;PRIMARY_CONTINENT;;;1;PENDING;DERIVED_FROM_04_MATRICE_PAYS_DOMAINES
TOGO;USES_CURRENCY;XOF;CURRENCY;LOCAL_CURRENCY;;;1;PENDING;DERIVED_FROM_04_MATRICE_PAYS_DOMAINES
TOGO;USES_MARKET_SCOPE;UEMOA;MARKET;PRIMARY_MARKET_SCOPE;;;1;PENDING;DERIVED_FROM_04_MATRICE_PAYS_DOMAINES
TOGO;BELONGS_TO_MONETARY_ZONE;UEMOA;MONETARY;PRIMARY_MONETARY_ZONE;;;1;PENDING;DERIVED_FROM_04_MATRICE_PAYS_DOMAINES
TOGO;USES_CENTRAL_BANK;BCEAO;INSTITUTION;CENTRAL_BANK;;;1;PENDING;DERIVED_FROM_04_MATRICE_PAYS_DOMAINES
TOGO;USES_COMMON_EXCHANGE;BRVM;MARKET;COMMON_EXCHANGE;;;1;PENDING;DERIVED_FROM_04_MATRICE_PAYS_DOMAINES
TUNISIE;BELONGS_TO_REGION;AFRICA_NORD;GEOGRAPHY;PRIMARY_REGION;;;1;PENDING;DERIVED_FROM_04_MATRICE_PAYS_DOMAINES
TUNISIE;BELONGS_TO_CONTINENT;AFRICA;GEOGRAPHY;PRIMARY_CONTINENT;;;1;PENDING;DERIVED_FROM_04_MATRICE_PAYS_DOMAINES
TUNISIE;USES_CURRENCY;TND;CURRENCY;LOCAL_CURRENCY;;;1;PENDING;DERIVED_FROM_04_MATRICE_PAYS_DOMAINES
TUNISIE;USES_MARKET_SCOPE;TUNISIE;MARKET;PRIMARY_MARKET_SCOPE;;;1;PENDING;DERIVED_FROM_04_MATRICE_PAYS_DOMAINES
TANZANIE;BELONGS_TO_REGION;AFRICA_EST;GEOGRAPHY;PRIMARY_REGION;;;1;PENDING;DERIVED_FROM_04_MATRICE_PAYS_DOMAINES
TANZANIE;BELONGS_TO_CONTINENT;AFRICA;GEOGRAPHY;PRIMARY_CONTINENT;;;1;PENDING;DERIVED_FROM_04_MATRICE_PAYS_DOMAINES
TANZANIE;USES_CURRENCY;TZS;CURRENCY;LOCAL_CURRENCY;;;1;PENDING;DERIVED_FROM_04_MATRICE_PAYS_DOMAINES
TANZANIE;USES_MARKET_SCOPE;TANZANIE;MARKET;PRIMARY_MARKET_SCOPE;;;1;PENDING;DERIVED_FROM_04_MATRICE_PAYS_DOMAINES
OUGANDA;BELONGS_TO_REGION;AFRICA_EST;GEOGRAPHY;PRIMARY_REGION;;;1;PENDING;DERIVED_FROM_04_MATRICE_PAYS_DOMAINES
OUGANDA;BELONGS_TO_CONTINENT;AFRICA;GEOGRAPHY;PRIMARY_CONTINENT;;;1;PENDING;DERIVED_FROM_04_MATRICE_PAYS_DOMAINES
OUGANDA;USES_CURRENCY;UGX;CURRENCY;LOCAL_CURRENCY;;;1;PENDING;DERIVED_FROM_04_MATRICE_PAYS_DOMAINES
OUGANDA;USES_MARKET_SCOPE;OUGANDA;MARKET;PRIMARY_MARKET_SCOPE;;;1;PENDING;DERIVED_FROM_04_MATRICE_PAYS_DOMAINES
AFRIQUE_DU_SUD;BELONGS_TO_REGION;AFRICA_AUSTRALE;GEOGRAPHY;PRIMARY_REGION;;;1;PENDING;DERIVED_FROM_04_MATRICE_PAYS_DOMAINES
AFRIQUE_DU_SUD;BELONGS_TO_CONTINENT;AFRICA;GEOGRAPHY;PRIMARY_CONTINENT;;;1;PENDING;DERIVED_FROM_04_MATRICE_PAYS_DOMAINES
AFRIQUE_DU_SUD;USES_CURRENCY;ZAR;CURRENCY;LOCAL_CURRENCY;;;1;PENDING;DERIVED_FROM_04_MATRICE_PAYS_DOMAINES
AFRIQUE_DU_SUD;USES_MARKET_SCOPE;AFRIQUE_DU_SUD;MARKET;PRIMARY_MARKET_SCOPE;;;1;PENDING;DERIVED_FROM_04_MATRICE_PAYS_DOMAINES
AFRIQUE_DU_SUD;BELONGS_TO_MONETARY_ZONE;CMA;MONETARY;PRIMARY_MONETARY_ZONE;;;1;PENDING;DERIVED_FROM_04_MATRICE_PAYS_DOMAINES
AFRIQUE_DU_SUD;USES_REFERENCE_CURRENCY;ZAR;CURRENCY;REFERENCE_CURRENCY;;;1;PENDING;DERIVED_FROM_04_MATRICE_PAYS_DOMAINES
ZAMBIE;BELONGS_TO_REGION;AFRICA_EST;GEOGRAPHY;PRIMARY_REGION;;;1;PENDING;DERIVED_FROM_04_MATRICE_PAYS_DOMAINES
ZAMBIE;BELONGS_TO_CONTINENT;AFRICA;GEOGRAPHY;PRIMARY_CONTINENT;;;1;PENDING;DERIVED_FROM_04_MATRICE_PAYS_DOMAINES
ZAMBIE;USES_CURRENCY;ZMW;CURRENCY;LOCAL_CURRENCY;;;1;PENDING;DERIVED_FROM_04_MATRICE_PAYS_DOMAINES
ZAMBIE;USES_MARKET_SCOPE;ZAMBIE;MARKET;PRIMARY_MARKET_SCOPE;;;1;PENDING;DERIVED_FROM_04_MATRICE_PAYS_DOMAINES
ZIMBABWE;BELONGS_TO_REGION;AFRICA_EST;GEOGRAPHY;PRIMARY_REGION;;;1;PENDING;DERIVED_FROM_04_MATRICE_PAYS_DOMAINES
ZIMBABWE;BELONGS_TO_CONTINENT;AFRICA;GEOGRAPHY;PRIMARY_CONTINENT;;;1;PENDING;DERIVED_FROM_04_MATRICE_PAYS_DOMAINES
ZIMBABWE;USES_CURRENCY;ZWG;CURRENCY;LOCAL_CURRENCY;;;1;PENDING;DERIVED_FROM_04_MATRICE_PAYS_DOMAINES
ZIMBABWE;USES_MARKET_SCOPE;ZIMBABWE;MARKET;PRIMARY_MARKET_SCOPE;;;1;PENDING;DERIVED_FROM_04_MATRICE_PAYS_DOMAINES
